CDU_FIELD_NAME,CENSUS_CELLNAME,TOPIC,CATEGORY,TOPIC_DESCRIPTION,
F20121,ST0150006,Sex,Male,This variable identifies each person's sex.,
F20121,ST0150006,Age,0 to 15 years old,"This variable records each person's age at their last birthday before Census Day, derived from their date of birth. Dates of birth that imply an age over 110 are treated as invalid and the person's age is imputed.",
F20121,ST0150006,Country of birth,All people,"This question records each person's country of birth. A different order is used for the tick-box responses for England and Wales, Scotland and Northern Ireland. Where there is no applicable tick-box, the respondent is asked to write-in the present name of their country of birth. The variable is coded using the ONS Geography Classification of Countries (OGCC) (a coding system used in some other ONS outputs).",
F20121,ST0150006,Unit,People,The unit is for a particular count (e.g. people or households),
F20122,ST0150007,Unit,People,The unit is for a particular count (e.g. people or households),
F20122,ST0150007,Country of birth,All people,"This question records each person's country of birth. A different order is used for the tick-box responses for England and Wales, Scotland and Northern Ireland. Where there is no applicable tick-box, the respondent is asked to write-in the present name of their country of birth. The variable is coded using the ONS Geography Classification of Countries (OGCC) (a coding system used in some other ONS outputs).",
F20122,ST0150007,Age,16 to 64 years old,"This variable records each person's age at their last birthday before Census Day, derived from their date of birth. Dates of birth that imply an age over 110 are treated as invalid and the person's age is imputed.",
F20122,ST0150007,Sex,Male,This variable identifies each person's sex.,
F20123,ST0150008,Sex,Male,This variable identifies each person's sex.,
F20123,ST0150008,Country of birth,All people,"This question records each person's country of birth. A different order is used for the tick-box responses for England and Wales, Scotland and Northern Ireland. Where there is no applicable tick-box, the respondent is asked to write-in the present name of their country of birth. The variable is coded using the ONS Geography Classification of Countries (OGCC) (a coding system used in some other ONS outputs).",
F20123,ST0150008,Age,65 years old and over,"This variable records each person's age at their last birthday before Census Day, derived from their date of birth. Dates of birth that imply an age over 110 are treated as invalid and the person's age is imputed.",
F20123,ST0150008,Unit,People,The unit is for a particular count (e.g. people or households),
F20125,ST0150010,Unit,People,The unit is for a particular count (e.g. people or households),
F20125,ST0150010,Country of birth,All people,"This question records each person's country of birth. A different order is used for the tick-box responses for England and Wales, Scotland and Northern Ireland. Where there is no applicable tick-box, the respondent is asked to write-in the present name of their country of birth. The variable is coded using the ONS Geography Classification of Countries (OGCC) (a coding system used in some other ONS outputs).",
F20125,ST0150010,Sex,Female,This variable identifies each person's sex.,
F20125,ST0150010,Age,0 to 15 years old,"This variable records each person's age at their last birthday before Census Day, derived from their date of birth. Dates of birth that imply an age over 110 are treated as invalid and the person's age is imputed.",
F20126,ST0150011,Sex,Female,This variable identifies each person's sex.,
F20126,ST0150011,Age,16 to 59 years old,"This variable records each person's age at their last birthday before Census Day, derived from their date of birth. Dates of birth that imply an age over 110 are treated as invalid and the person's age is imputed.",
F20126,ST0150011,Country of birth,All people,"This question records each person's country of birth. A different order is used for the tick-box responses for England and Wales, Scotland and Northern Ireland. Where there is no applicable tick-box, the respondent is asked to write-in the present name of their country of birth. The variable is coded using the ONS Geography Classification of Countries (OGCC) (a coding system used in some other ONS outputs).",
F20126,ST0150011,Unit,People,The unit is for a particular count (e.g. people or households),
F20127,ST0150012,Unit,People,The unit is for a particular count (e.g. people or households),
F20127,ST0150012,Country of birth,All people,"This question records each person's country of birth. A different order is used for the tick-box responses for England and Wales, Scotland and Northern Ireland. Where there is no applicable tick-box, the respondent is asked to write-in the present name of their country of birth. The variable is coded using the ONS Geography Classification of Countries (OGCC) (a coding system used in some other ONS outputs).",
F20127,ST0150012,Age,60 years old and over,"This variable records each person's age at their last birthday before Census Day, derived from their date of birth. Dates of birth that imply an age over 110 are treated as invalid and the person's age is imputed.",
F20127,ST0150012,Sex,Female,This variable identifies each person's sex.,
F20217,ST0150102,Age,0 to 15 years old,"This variable records each person's age at their last birthday before Census Day, derived from their date of birth. Dates of birth that imply an age over 110 are treated as invalid and the person's age is imputed.",
F20217,ST0150102,Sex,Male,This variable identifies each person's sex.,
F20217,ST0150102,Country of birth,Europe \ Republic of Ireland,"This question records each person's country of birth. A different order is used for the tick-box responses for England and Wales, Scotland and Northern Ireland. Where there is no applicable tick-box, the respondent is asked to write-in the present name of their country of birth. The variable is coded using the ONS Geography Classification of Countries (OGCC) (a coding system used in some other ONS outputs).",
F20217,ST0150102,Unit,People,The unit is for a particular count (e.g. people or households),
F20218,ST0150103,Unit,People,The unit is for a particular count (e.g. people or households),
F20218,ST0150103,Country of birth,Europe \ Republic of Ireland,"This question records each person's country of birth. A different order is used for the tick-box responses for England and Wales, Scotland and Northern Ireland. Where there is no applicable tick-box, the respondent is asked to write-in the present name of their country of birth. The variable is coded using the ONS Geography Classification of Countries (OGCC) (a coding system used in some other ONS outputs).",
F20218,ST0150103,Sex,Male,This variable identifies each person's sex.,
F20218,ST0150103,Age,16 to 64 years old,"This variable records each person's age at their last birthday before Census Day, derived from their date of birth. Dates of birth that imply an age over 110 are treated as invalid and the person's age is imputed.",
F20219,ST0150104,Sex,Male,This variable identifies each person's sex.,
F20219,ST0150104,Country of birth,Europe \ Republic of Ireland,"This question records each person's country of birth. A different order is used for the tick-box responses for England and Wales, Scotland and Northern Ireland. Where there is no applicable tick-box, the respondent is asked to write-in the present name of their country of birth. The variable is coded using the ONS Geography Classification of Countries (OGCC) (a coding system used in some other ONS outputs).",
F20219,ST0150104,Unit,People,The unit is for a particular count (e.g. people or households),
F20219,ST0150104,Age,65 years old and over,"This variable records each person's age at their last birthday before Census Day, derived from their date of birth. Dates of birth that imply an age over 110 are treated as invalid and the person's age is imputed.",
F20221,ST0150106,Unit,People,The unit is for a particular count (e.g. people or households),
F20221,ST0150106,Country of birth,Europe \ Republic of Ireland,"This question records each person's country of birth. A different order is used for the tick-box responses for England and Wales, Scotland and Northern Ireland. Where there is no applicable tick-box, the respondent is asked to write-in the present name of their country of birth. The variable is coded using the ONS Geography Classification of Countries (OGCC) (a coding system used in some other ONS outputs).",
F20221,ST0150106,Sex,Female,This variable identifies each person's sex.,
F20221,ST0150106,Age,0 to 15 years old,"This variable records each person's age at their last birthday before Census Day, derived from their date of birth. Dates of birth that imply an age over 110 are treated as invalid and the person's age is imputed.",
F20222,ST0150107,Sex,Female,This variable identifies each person's sex.,
F20222,ST0150107,Age,16 to 59 years old,"This variable records each person's age at their last birthday before Census Day, derived from their date of birth. Dates of birth that imply an age over 110 are treated as invalid and the person's age is imputed.",
F20222,ST0150107,Country of birth,Europe \ Republic of Ireland,"This question records each person's country of birth. A different order is used for the tick-box responses for England and Wales, Scotland and Northern Ireland. Where there is no applicable tick-box, the respondent is asked to write-in the present name of their country of birth. The variable is coded using the ONS Geography Classification of Countries (OGCC) (a coding system used in some other ONS outputs).",
F20222,ST0150107,Unit,People,The unit is for a particular count (e.g. people or households),
F20223,ST0150108,Unit,People,The unit is for a particular count (e.g. people or households),
F20223,ST0150108,Age,60 years old and over,"This variable records each person's age at their last birthday before Census Day, derived from their date of birth. Dates of birth that imply an age over 110 are treated as invalid and the person's age is imputed.",
F20223,ST0150108,Country of birth,Europe \ Republic of Ireland,"This question records each person's country of birth. A different order is used for the tick-box responses for England and Wales, Scotland and Northern Ireland. Where there is no applicable tick-box, the respondent is asked to write-in the present name of their country of birth. The variable is coded using the ONS Geography Classification of Countries (OGCC) (a coding system used in some other ONS outputs).",
F20223,ST0150108,Sex,Female,This variable identifies each person's sex.,
F20229,ST0150114,Age,0 to 15 years old,"This variable records each person's age at their last birthday before Census Day, derived from their date of birth. Dates of birth that imply an age over 110 are treated as invalid and the person's age is imputed.",
F20229,ST0150114,Country of birth,Europe \ Ireland part not specified,"This question records each person's country of birth. A different order is used for the tick-box responses for England and Wales, Scotland and Northern Ireland. Where there is no applicable tick-box, the respondent is asked to write-in the present name of their country of birth. The variable is coded using the ONS Geography Classification of Countries (OGCC) (a coding system used in some other ONS outputs).",
F20229,ST0150114,Sex,Male,This variable identifies each person's sex.,
F20229,ST0150114,Unit,People,The unit is for a particular count (e.g. people or households),
F20230,ST0150115,Unit,People,The unit is for a particular count (e.g. people or households),
F20230,ST0150115,Sex,Male,This variable identifies each person's sex.,
F20230,ST0150115,Country of birth,Europe \ Ireland part not specified,"This question records each person's country of birth. A different order is used for the tick-box responses for England and Wales, Scotland and Northern Ireland. Where there is no applicable tick-box, the respondent is asked to write-in the present name of their country of birth. The variable is coded using the ONS Geography Classification of Countries (OGCC) (a coding system used in some other ONS outputs).",
F20230,ST0150115,Age,16 to 64 years old,"This variable records each person's age at their last birthday before Census Day, derived from their date of birth. Dates of birth that imply an age over 110 are treated as invalid and the person's age is imputed.",
F20231,ST0150116,Country of birth,Europe \ Ireland part not specified,"This question records each person's country of birth. A different order is used for the tick-box responses for England and Wales, Scotland and Northern Ireland. Where there is no applicable tick-box, the respondent is asked to write-in the present name of their country of birth. The variable is coded using the ONS Geography Classification of Countries (OGCC) (a coding system used in some other ONS outputs).",
F20231,ST0150116,Sex,Male,This variable identifies each person's sex.,
F20231,ST0150116,Unit,People,The unit is for a particular count (e.g. people or households),
F20231,ST0150116,Age,65 years old and over,"This variable records each person's age at their last birthday before Census Day, derived from their date of birth. Dates of birth that imply an age over 110 are treated as invalid and the person's age is imputed.",
F20233,ST0150118,Unit,People,The unit is for a particular count (e.g. people or households),
F20233,ST0150118,Country of birth,Europe \ Ireland part not specified,"This question records each person's country of birth. A different order is used for the tick-box responses for England and Wales, Scotland and Northern Ireland. Where there is no applicable tick-box, the respondent is asked to write-in the present name of their country of birth. The variable is coded using the ONS Geography Classification of Countries (OGCC) (a coding system used in some other ONS outputs).",
F20233,ST0150118,Sex,Female,This variable identifies each person's sex.,
F20233,ST0150118,Age,0 to 15 years old,"This variable records each person's age at their last birthday before Census Day, derived from their date of birth. Dates of birth that imply an age over 110 are treated as invalid and the person's age is imputed.",
F20234,ST0150119,Sex,Female,This variable identifies each person's sex.,
F20234,ST0150119,Age,16 to 59 years old,"This variable records each person's age at their last birthday before Census Day, derived from their date of birth. Dates of birth that imply an age over 110 are treated as invalid and the person's age is imputed.",
F20234,ST0150119,Country of birth,Europe \ Ireland part not specified,"This question records each person's country of birth. A different order is used for the tick-box responses for England and Wales, Scotland and Northern Ireland. Where there is no applicable tick-box, the respondent is asked to write-in the present name of their country of birth. The variable is coded using the ONS Geography Classification of Countries (OGCC) (a coding system used in some other ONS outputs).",
F20234,ST0150119,Unit,People,The unit is for a particular count (e.g. people or households),
F20235,ST0150120,Unit,People,The unit is for a particular count (e.g. people or households),
F20235,ST0150120,Age,60 years old and over,"This variable records each person's age at their last birthday before Census Day, derived from their date of birth. Dates of birth that imply an age over 110 are treated as invalid and the person's age is imputed.",
F20235,ST0150120,Country of birth,Europe \ Ireland part not specified,"This question records each person's country of birth. A different order is used for the tick-box responses for England and Wales, Scotland and Northern Ireland. Where there is no applicable tick-box, the respondent is asked to write-in the present name of their country of birth. The variable is coded using the ONS Geography Classification of Countries (OGCC) (a coding system used in some other ONS outputs).",
F20235,ST0150120,Sex,Female,This variable identifies each person's sex.,
F20241,ST0150126,Age,0 to 15 years old,"This variable records each person's age at their last birthday before Census Day, derived from their date of birth. Dates of birth that imply an age over 110 are treated as invalid and the person's age is imputed.",
F20241,ST0150126,Country of birth,Europe \ Channel Islands and Isle of Man,"This question records each person's country of birth. A different order is used for the tick-box responses for England and Wales, Scotland and Northern Ireland. Where there is no applicable tick-box, the respondent is asked to write-in the present name of their country of birth. The variable is coded using the ONS Geography Classification of Countries (OGCC) (a coding system used in some other ONS outputs).",
F20241,ST0150126,Sex,Male,This variable identifies each person's sex.,
F20241,ST0150126,Unit,People,The unit is for a particular count (e.g. people or households),
F20242,ST0150127,Unit,People,The unit is for a particular count (e.g. people or households),
F20242,ST0150127,Sex,Male,This variable identifies each person's sex.,
F20242,ST0150127,Country of birth,Europe \ Channel Islands and Isle of Man,"This question records each person's country of birth. A different order is used for the tick-box responses for England and Wales, Scotland and Northern Ireland. Where there is no applicable tick-box, the respondent is asked to write-in the present name of their country of birth. The variable is coded using the ONS Geography Classification of Countries (OGCC) (a coding system used in some other ONS outputs).",
F20242,ST0150127,Age,16 to 64 years old,"This variable records each person's age at their last birthday before Census Day, derived from their date of birth. Dates of birth that imply an age over 110 are treated as invalid and the person's age is imputed.",
F20243,ST0150128,Country of birth,Europe \ Channel Islands and Isle of Man,"This question records each person's country of birth. A different order is used for the tick-box responses for England and Wales, Scotland and Northern Ireland. Where there is no applicable tick-box, the respondent is asked to write-in the present name of their country of birth. The variable is coded using the ONS Geography Classification of Countries (OGCC) (a coding system used in some other ONS outputs).",
F20243,ST0150128,Sex,Male,This variable identifies each person's sex.,
F20243,ST0150128,Unit,People,The unit is for a particular count (e.g. people or households),
F20243,ST0150128,Age,65 years old and over,"This variable records each person's age at their last birthday before Census Day, derived from their date of birth. Dates of birth that imply an age over 110 are treated as invalid and the person's age is imputed.",
F20245,ST0150130,Unit,People,The unit is for a particular count (e.g. people or households),
F20245,ST0150130,Country of birth,Europe \ Channel Islands and Isle of Man,"This question records each person's country of birth. A different order is used for the tick-box responses for England and Wales, Scotland and Northern Ireland. Where there is no applicable tick-box, the respondent is asked to write-in the present name of their country of birth. The variable is coded using the ONS Geography Classification of Countries (OGCC) (a coding system used in some other ONS outputs).",
F20245,ST0150130,Sex,Female,This variable identifies each person's sex.,
F20245,ST0150130,Age,0 to 15 years old,"This variable records each person's age at their last birthday before Census Day, derived from their date of birth. Dates of birth that imply an age over 110 are treated as invalid and the person's age is imputed.",
F20246,ST0150131,Sex,Female,This variable identifies each person's sex.,
F20246,ST0150131,Age,16 to 59 years old,"This variable records each person's age at their last birthday before Census Day, derived from their date of birth. Dates of birth that imply an age over 110 are treated as invalid and the person's age is imputed.",
F20246,ST0150131,Country of birth,Europe \ Channel Islands and Isle of Man,"This question records each person's country of birth. A different order is used for the tick-box responses for England and Wales, Scotland and Northern Ireland. Where there is no applicable tick-box, the respondent is asked to write-in the present name of their country of birth. The variable is coded using the ONS Geography Classification of Countries (OGCC) (a coding system used in some other ONS outputs).",
F20246,ST0150131,Unit,People,The unit is for a particular count (e.g. people or households),
F20247,ST0150132,Unit,People,The unit is for a particular count (e.g. people or households),
F20247,ST0150132,Age,60 years old and over,"This variable records each person's age at their last birthday before Census Day, derived from their date of birth. Dates of birth that imply an age over 110 are treated as invalid and the person's age is imputed.",
F20247,ST0150132,Country of birth,Europe \ Channel Islands and Isle of Man,"This question records each person's country of birth. A different order is used for the tick-box responses for England and Wales, Scotland and Northern Ireland. Where there is no applicable tick-box, the respondent is asked to write-in the present name of their country of birth. The variable is coded using the ONS Geography Classification of Countries (OGCC) (a coding system used in some other ONS outputs).",
F20247,ST0150132,Sex,Female,This variable identifies each person's sex.,
F20277,ST0150162,Age,0 to 15 years old,"This variable records each person's age at their last birthday before Census Day, derived from their date of birth. Dates of birth that imply an age over 110 are treated as invalid and the person's age is imputed.",
F20277,ST0150162,Country of birth,Europe \ Other Western Europe \ EU countries  \ France ,"This question records each person's country of birth. A different order is used for the tick-box responses for England and Wales, Scotland and Northern Ireland. Where there is no applicable tick-box, the respondent is asked to write-in the present name of their country of birth. The variable is coded using the ONS Geography Classification of Countries (OGCC) (a coding system used in some other ONS outputs).",
F20277,ST0150162,Sex,Male,This variable identifies each person's sex.,
F20277,ST0150162,Unit,People,The unit is for a particular count (e.g. people or households),
F20278,ST0150163,Unit,People,The unit is for a particular count (e.g. people or households),
F20278,ST0150163,Sex,Male,This variable identifies each person's sex.,
F20278,ST0150163,Country of birth,Europe \ Other Western Europe \ EU countries  \ France ,"This question records each person's country of birth. A different order is used for the tick-box responses for England and Wales, Scotland and Northern Ireland. Where there is no applicable tick-box, the respondent is asked to write-in the present name of their country of birth. The variable is coded using the ONS Geography Classification of Countries (OGCC) (a coding system used in some other ONS outputs).",
F20278,ST0150163,Age,16 to 64 years old,"This variable records each person's age at their last birthday before Census Day, derived from their date of birth. Dates of birth that imply an age over 110 are treated as invalid and the person's age is imputed.",
F20279,ST0150164,Country of birth,Europe \ Other Western Europe \ EU countries  \ France ,"This question records each person's country of birth. A different order is used for the tick-box responses for England and Wales, Scotland and Northern Ireland. Where there is no applicable tick-box, the respondent is asked to write-in the present name of their country of birth. The variable is coded using the ONS Geography Classification of Countries (OGCC) (a coding system used in some other ONS outputs).",
F20279,ST0150164,Sex,Male,This variable identifies each person's sex.,
F20279,ST0150164,Unit,People,The unit is for a particular count (e.g. people or households),
F20279,ST0150164,Age,65 years old and over,"This variable records each person's age at their last birthday before Census Day, derived from their date of birth. Dates of birth that imply an age over 110 are treated as invalid and the person's age is imputed.",
F20281,ST0150166,Unit,People,The unit is for a particular count (e.g. people or households),
F20281,ST0150166,Country of birth,Europe \ Other Western Europe \ EU countries  \ France ,"This question records each person's country of birth. A different order is used for the tick-box responses for England and Wales, Scotland and Northern Ireland. Where there is no applicable tick-box, the respondent is asked to write-in the present name of their country of birth. The variable is coded using the ONS Geography Classification of Countries (OGCC) (a coding system used in some other ONS outputs).",
F20281,ST0150166,Sex,Female,This variable identifies each person's sex.,
F20281,ST0150166,Age,0 to 15 years old,"This variable records each person's age at their last birthday before Census Day, derived from their date of birth. Dates of birth that imply an age over 110 are treated as invalid and the person's age is imputed.",
F20282,ST0150167,Sex,Female,This variable identifies each person's sex.,
F20282,ST0150167,Age,16 to 59 years old,"This variable records each person's age at their last birthday before Census Day, derived from their date of birth. Dates of birth that imply an age over 110 are treated as invalid and the person's age is imputed.",
F20282,ST0150167,Country of birth,Europe \ Other Western Europe \ EU countries  \ France ,"This question records each person's country of birth. A different order is used for the tick-box responses for England and Wales, Scotland and Northern Ireland. Where there is no applicable tick-box, the respondent is asked to write-in the present name of their country of birth. The variable is coded using the ONS Geography Classification of Countries (OGCC) (a coding system used in some other ONS outputs).",
F20282,ST0150167,Unit,People,The unit is for a particular count (e.g. people or households),
F20283,ST0150168,Unit,People,The unit is for a particular count (e.g. people or households),
F20283,ST0150168,Age,60 years old and over,"This variable records each person's age at their last birthday before Census Day, derived from their date of birth. Dates of birth that imply an age over 110 are treated as invalid and the person's age is imputed.",
F20283,ST0150168,Country of birth,Europe \ Other Western Europe \ EU countries  \ France ,"This question records each person's country of birth. A different order is used for the tick-box responses for England and Wales, Scotland and Northern Ireland. Where there is no applicable tick-box, the respondent is asked to write-in the present name of their country of birth. The variable is coded using the ONS Geography Classification of Countries (OGCC) (a coding system used in some other ONS outputs).",
F20283,ST0150168,Sex,Female,This variable identifies each person's sex.,
F20289,ST0150174,Age,0 to 15 years old,"This variable records each person's age at their last birthday before Census Day, derived from their date of birth. Dates of birth that imply an age over 110 are treated as invalid and the person's age is imputed.",
F20289,ST0150174,Country of birth,Europe \ Other Western Europe \ EU countries  \ Germany,"This question records each person's country of birth. A different order is used for the tick-box responses for England and Wales, Scotland and Northern Ireland. Where there is no applicable tick-box, the respondent is asked to write-in the present name of their country of birth. The variable is coded using the ONS Geography Classification of Countries (OGCC) (a coding system used in some other ONS outputs).",
F20289,ST0150174,Sex,Male,This variable identifies each person's sex.,
F20289,ST0150174,Unit,People,The unit is for a particular count (e.g. people or households),
F20290,ST0150175,Unit,People,The unit is for a particular count (e.g. people or households),
F20290,ST0150175,Sex,Male,This variable identifies each person's sex.,
F20290,ST0150175,Country of birth,Europe \ Other Western Europe \ EU countries  \ Germany,"This question records each person's country of birth. A different order is used for the tick-box responses for England and Wales, Scotland and Northern Ireland. Where there is no applicable tick-box, the respondent is asked to write-in the present name of their country of birth. The variable is coded using the ONS Geography Classification of Countries (OGCC) (a coding system used in some other ONS outputs).",
F20290,ST0150175,Age,16 to 64 years old,"This variable records each person's age at their last birthday before Census Day, derived from their date of birth. Dates of birth that imply an age over 110 are treated as invalid and the person's age is imputed.",
F20291,ST0150176,Country of birth,Europe \ Other Western Europe \ EU countries  \ Germany,"This question records each person's country of birth. A different order is used for the tick-box responses for England and Wales, Scotland and Northern Ireland. Where there is no applicable tick-box, the respondent is asked to write-in the present name of their country of birth. The variable is coded using the ONS Geography Classification of Countries (OGCC) (a coding system used in some other ONS outputs).",
F20291,ST0150176,Sex,Male,This variable identifies each person's sex.,
F20291,ST0150176,Unit,People,The unit is for a particular count (e.g. people or households),
F20291,ST0150176,Age,65 years old and over,"This variable records each person's age at their last birthday before Census Day, derived from their date of birth. Dates of birth that imply an age over 110 are treated as invalid and the person's age is imputed.",
F20293,ST0150178,Unit,People,The unit is for a particular count (e.g. people or households),
F20293,ST0150178,Country of birth,Europe \ Other Western Europe \ EU countries  \ Germany,"This question records each person's country of birth. A different order is used for the tick-box responses for England and Wales, Scotland and Northern Ireland. Where there is no applicable tick-box, the respondent is asked to write-in the present name of their country of birth. The variable is coded using the ONS Geography Classification of Countries (OGCC) (a coding system used in some other ONS outputs).",
F20293,ST0150178,Sex,Female,This variable identifies each person's sex.,
F20293,ST0150178,Age,0 to 15 years old,"This variable records each person's age at their last birthday before Census Day, derived from their date of birth. Dates of birth that imply an age over 110 are treated as invalid and the person's age is imputed.",
F20294,ST0150179,Sex,Female,This variable identifies each person's sex.,
F20294,ST0150179,Age,16 to 59 years old,"This variable records each person's age at their last birthday before Census Day, derived from their date of birth. Dates of birth that imply an age over 110 are treated as invalid and the person's age is imputed.",
F20294,ST0150179,Country of birth,Europe \ Other Western Europe \ EU countries  \ Germany,"This question records each person's country of birth. A different order is used for the tick-box responses for England and Wales, Scotland and Northern Ireland. Where there is no applicable tick-box, the respondent is asked to write-in the present name of their country of birth. The variable is coded using the ONS Geography Classification of Countries (OGCC) (a coding system used in some other ONS outputs).",
F20294,ST0150179,Unit,People,The unit is for a particular count (e.g. people or households),
F20295,ST0150180,Unit,People,The unit is for a particular count (e.g. people or households),
F20295,ST0150180,Age,60 years old and over,"This variable records each person's age at their last birthday before Census Day, derived from their date of birth. Dates of birth that imply an age over 110 are treated as invalid and the person's age is imputed.",
F20295,ST0150180,Country of birth,Europe \ Other Western Europe \ EU countries  \ Germany,"This question records each person's country of birth. A different order is used for the tick-box responses for England and Wales, Scotland and Northern Ireland. Where there is no applicable tick-box, the respondent is asked to write-in the present name of their country of birth. The variable is coded using the ONS Geography Classification of Countries (OGCC) (a coding system used in some other ONS outputs).",
F20295,ST0150180,Sex,Female,This variable identifies each person's sex.,
F20301,ST0150186,Age,0 to 15 years old,"This variable records each person's age at their last birthday before Census Day, derived from their date of birth. Dates of birth that imply an age over 110 are treated as invalid and the person's age is imputed.",
F20301,ST0150186,Country of birth,Europe \ Other Western Europe \ EU countries  \ Italy ,"This question records each person's country of birth. A different order is used for the tick-box responses for England and Wales, Scotland and Northern Ireland. Where there is no applicable tick-box, the respondent is asked to write-in the present name of their country of birth. The variable is coded using the ONS Geography Classification of Countries (OGCC) (a coding system used in some other ONS outputs).",
F20301,ST0150186,Sex,Male,This variable identifies each person's sex.,
F20301,ST0150186,Unit,People,The unit is for a particular count (e.g. people or households),
F20302,ST0150187,Unit,People,The unit is for a particular count (e.g. people or households),
F20302,ST0150187,Sex,Male,This variable identifies each person's sex.,
F20302,ST0150187,Country of birth,Europe \ Other Western Europe \ EU countries  \ Italy ,"This question records each person's country of birth. A different order is used for the tick-box responses for England and Wales, Scotland and Northern Ireland. Where there is no applicable tick-box, the respondent is asked to write-in the present name of their country of birth. The variable is coded using the ONS Geography Classification of Countries (OGCC) (a coding system used in some other ONS outputs).",
F20302,ST0150187,Age,16 to 64 years old,"This variable records each person's age at their last birthday before Census Day, derived from their date of birth. Dates of birth that imply an age over 110 are treated as invalid and the person's age is imputed.",
F20303,ST0150188,Country of birth,Europe \ Other Western Europe \ EU countries  \ Italy ,"This question records each person's country of birth. A different order is used for the tick-box responses for England and Wales, Scotland and Northern Ireland. Where there is no applicable tick-box, the respondent is asked to write-in the present name of their country of birth. The variable is coded using the ONS Geography Classification of Countries (OGCC) (a coding system used in some other ONS outputs).",
F20303,ST0150188,Sex,Male,This variable identifies each person's sex.,
F20303,ST0150188,Unit,People,The unit is for a particular count (e.g. people or households),
F20303,ST0150188,Age,65 years old and over,"This variable records each person's age at their last birthday before Census Day, derived from their date of birth. Dates of birth that imply an age over 110 are treated as invalid and the person's age is imputed.",
F20305,ST0150190,Unit,People,The unit is for a particular count (e.g. people or households),
F20305,ST0150190,Country of birth,Europe \ Other Western Europe \ EU countries  \ Italy ,"This question records each person's country of birth. A different order is used for the tick-box responses for England and Wales, Scotland and Northern Ireland. Where there is no applicable tick-box, the respondent is asked to write-in the present name of their country of birth. The variable is coded using the ONS Geography Classification of Countries (OGCC) (a coding system used in some other ONS outputs).",
F20305,ST0150190,Sex,Female,This variable identifies each person's sex.,
F20305,ST0150190,Age,0 to 15 years old,"This variable records each person's age at their last birthday before Census Day, derived from their date of birth. Dates of birth that imply an age over 110 are treated as invalid and the person's age is imputed.",
F20306,ST0150191,Sex,Female,This variable identifies each person's sex.,
F20306,ST0150191,Age,16 to 59 years old,"This variable records each person's age at their last birthday before Census Day, derived from their date of birth. Dates of birth that imply an age over 110 are treated as invalid and the person's age is imputed.",
F20306,ST0150191,Country of birth,Europe \ Other Western Europe \ EU countries  \ Italy ,"This question records each person's country of birth. A different order is used for the tick-box responses for England and Wales, Scotland and Northern Ireland. Where there is no applicable tick-box, the respondent is asked to write-in the present name of their country of birth. The variable is coded using the ONS Geography Classification of Countries (OGCC) (a coding system used in some other ONS outputs).",
F20306,ST0150191,Unit,People,The unit is for a particular count (e.g. people or households),
F20307,ST0150192,Unit,People,The unit is for a particular count (e.g. people or households),
F20307,ST0150192,Age,60 years old and over,"This variable records each person's age at their last birthday before Census Day, derived from their date of birth. Dates of birth that imply an age over 110 are treated as invalid and the person's age is imputed.",
F20307,ST0150192,Country of birth,Europe \ Other Western Europe \ EU countries  \ Italy ,"This question records each person's country of birth. A different order is used for the tick-box responses for England and Wales, Scotland and Northern Ireland. Where there is no applicable tick-box, the respondent is asked to write-in the present name of their country of birth. The variable is coded using the ONS Geography Classification of Countries (OGCC) (a coding system used in some other ONS outputs).",
F20307,ST0150192,Sex,Female,This variable identifies each person's sex.,
F20313,ST0150198,Age,0 to 15 years old,"This variable records each person's age at their last birthday before Census Day, derived from their date of birth. Dates of birth that imply an age over 110 are treated as invalid and the person's age is imputed.",
F20313,ST0150198,Country of birth,Europe \ Other Western Europe \ EU countries  \ Netherlands ,"This question records each person's country of birth. A different order is used for the tick-box responses for England and Wales, Scotland and Northern Ireland. Where there is no applicable tick-box, the respondent is asked to write-in the present name of their country of birth. The variable is coded using the ONS Geography Classification of Countries (OGCC) (a coding system used in some other ONS outputs).",
F20313,ST0150198,Sex,Male,This variable identifies each person's sex.,
F20313,ST0150198,Unit,People,The unit is for a particular count (e.g. people or households),
F20314,ST0150199,Unit,People,The unit is for a particular count (e.g. people or households),
F20314,ST0150199,Sex,Male,This variable identifies each person's sex.,
F20314,ST0150199,Country of birth,Europe \ Other Western Europe \ EU countries  \ Netherlands ,"This question records each person's country of birth. A different order is used for the tick-box responses for England and Wales, Scotland and Northern Ireland. Where there is no applicable tick-box, the respondent is asked to write-in the present name of their country of birth. The variable is coded using the ONS Geography Classification of Countries (OGCC) (a coding system used in some other ONS outputs).",
F20314,ST0150199,Age,16 to 64 years old,"This variable records each person's age at their last birthday before Census Day, derived from their date of birth. Dates of birth that imply an age over 110 are treated as invalid and the person's age is imputed.",
F20315,ST0150200,Country of birth,Europe \ Other Western Europe \ EU countries  \ Netherlands ,"This question records each person's country of birth. A different order is used for the tick-box responses for England and Wales, Scotland and Northern Ireland. Where there is no applicable tick-box, the respondent is asked to write-in the present name of their country of birth. The variable is coded using the ONS Geography Classification of Countries (OGCC) (a coding system used in some other ONS outputs).",
F20315,ST0150200,Sex,Male,This variable identifies each person's sex.,
F20315,ST0150200,Unit,People,The unit is for a particular count (e.g. people or households),
F20315,ST0150200,Age,65 years old and over,"This variable records each person's age at their last birthday before Census Day, derived from their date of birth. Dates of birth that imply an age over 110 are treated as invalid and the person's age is imputed.",
F20317,ST0150202,Unit,People,The unit is for a particular count (e.g. people or households),
F20317,ST0150202,Country of birth,Europe \ Other Western Europe \ EU countries  \ Netherlands ,"This question records each person's country of birth. A different order is used for the tick-box responses for England and Wales, Scotland and Northern Ireland. Where there is no applicable tick-box, the respondent is asked to write-in the present name of their country of birth. The variable is coded using the ONS Geography Classification of Countries (OGCC) (a coding system used in some other ONS outputs).",
F20317,ST0150202,Sex,Female,This variable identifies each person's sex.,
F20317,ST0150202,Age,0 to 15 years old,"This variable records each person's age at their last birthday before Census Day, derived from their date of birth. Dates of birth that imply an age over 110 are treated as invalid and the person's age is imputed.",
F20318,ST0150203,Sex,Female,This variable identifies each person's sex.,
F20318,ST0150203,Age,16 to 59 years old,"This variable records each person's age at their last birthday before Census Day, derived from their date of birth. Dates of birth that imply an age over 110 are treated as invalid and the person's age is imputed.",
F20318,ST0150203,Country of birth,Europe \ Other Western Europe \ EU countries  \ Netherlands ,"This question records each person's country of birth. A different order is used for the tick-box responses for England and Wales, Scotland and Northern Ireland. Where there is no applicable tick-box, the respondent is asked to write-in the present name of their country of birth. The variable is coded using the ONS Geography Classification of Countries (OGCC) (a coding system used in some other ONS outputs).",
F20318,ST0150203,Unit,People,The unit is for a particular count (e.g. people or households),
F20319,ST0150204,Unit,People,The unit is for a particular count (e.g. people or households),
F20319,ST0150204,Age,60 years old and over,"This variable records each person's age at their last birthday before Census Day, derived from their date of birth. Dates of birth that imply an age over 110 are treated as invalid and the person's age is imputed.",
F20319,ST0150204,Country of birth,Europe \ Other Western Europe \ EU countries  \ Netherlands ,"This question records each person's country of birth. A different order is used for the tick-box responses for England and Wales, Scotland and Northern Ireland. Where there is no applicable tick-box, the respondent is asked to write-in the present name of their country of birth. The variable is coded using the ONS Geography Classification of Countries (OGCC) (a coding system used in some other ONS outputs).",
F20319,ST0150204,Sex,Female,This variable identifies each person's sex.,
F20325,ST0150210,Age,0 to 15 years old,"This variable records each person's age at their last birthday before Census Day, derived from their date of birth. Dates of birth that imply an age over 110 are treated as invalid and the person's age is imputed.",
F20325,ST0150210,Country of birth,Europe \ Other Western Europe \ EU countries  \ Spain,"This question records each person's country of birth. A different order is used for the tick-box responses for England and Wales, Scotland and Northern Ireland. Where there is no applicable tick-box, the respondent is asked to write-in the present name of their country of birth. The variable is coded using the ONS Geography Classification of Countries (OGCC) (a coding system used in some other ONS outputs).",
F20325,ST0150210,Sex,Male,This variable identifies each person's sex.,
F20325,ST0150210,Unit,People,The unit is for a particular count (e.g. people or households),
F20326,ST0150211,Unit,People,The unit is for a particular count (e.g. people or households),
F20326,ST0150211,Sex,Male,This variable identifies each person's sex.,
F20326,ST0150211,Country of birth,Europe \ Other Western Europe \ EU countries  \ Spain,"This question records each person's country of birth. A different order is used for the tick-box responses for England and Wales, Scotland and Northern Ireland. Where there is no applicable tick-box, the respondent is asked to write-in the present name of their country of birth. The variable is coded using the ONS Geography Classification of Countries (OGCC) (a coding system used in some other ONS outputs).",
F20326,ST0150211,Age,16 to 64 years old,"This variable records each person's age at their last birthday before Census Day, derived from their date of birth. Dates of birth that imply an age over 110 are treated as invalid and the person's age is imputed.",
F20327,ST0150212,Country of birth,Europe \ Other Western Europe \ EU countries  \ Spain,"This question records each person's country of birth. A different order is used for the tick-box responses for England and Wales, Scotland and Northern Ireland. Where there is no applicable tick-box, the respondent is asked to write-in the present name of their country of birth. The variable is coded using the ONS Geography Classification of Countries (OGCC) (a coding system used in some other ONS outputs).",
F20327,ST0150212,Sex,Male,This variable identifies each person's sex.,
F20327,ST0150212,Unit,People,The unit is for a particular count (e.g. people or households),
F20327,ST0150212,Age,65 years old and over,"This variable records each person's age at their last birthday before Census Day, derived from their date of birth. Dates of birth that imply an age over 110 are treated as invalid and the person's age is imputed.",
F20329,ST0150214,Unit,People,The unit is for a particular count (e.g. people or households),
F20329,ST0150214,Country of birth,Europe \ Other Western Europe \ EU countries  \ Spain,"This question records each person's country of birth. A different order is used for the tick-box responses for England and Wales, Scotland and Northern Ireland. Where there is no applicable tick-box, the respondent is asked to write-in the present name of their country of birth. The variable is coded using the ONS Geography Classification of Countries (OGCC) (a coding system used in some other ONS outputs).",
F20329,ST0150214,Sex,Female,This variable identifies each person's sex.,
F20329,ST0150214,Age,0 to 15 years old,"This variable records each person's age at their last birthday before Census Day, derived from their date of birth. Dates of birth that imply an age over 110 are treated as invalid and the person's age is imputed.",
F20330,ST0150215,Sex,Female,This variable identifies each person's sex.,
F20330,ST0150215,Age,16 to 59 years old,"This variable records each person's age at their last birthday before Census Day, derived from their date of birth. Dates of birth that imply an age over 110 are treated as invalid and the person's age is imputed.",
F20330,ST0150215,Country of birth,Europe \ Other Western Europe \ EU countries  \ Spain,"This question records each person's country of birth. A different order is used for the tick-box responses for England and Wales, Scotland and Northern Ireland. Where there is no applicable tick-box, the respondent is asked to write-in the present name of their country of birth. The variable is coded using the ONS Geography Classification of Countries (OGCC) (a coding system used in some other ONS outputs).",
F20330,ST0150215,Unit,People,The unit is for a particular count (e.g. people or households),
F20331,ST0150216,Unit,People,The unit is for a particular count (e.g. people or households),
F20331,ST0150216,Age,60 years old and over,"This variable records each person's age at their last birthday before Census Day, derived from their date of birth. Dates of birth that imply an age over 110 are treated as invalid and the person's age is imputed.",
F20331,ST0150216,Country of birth,Europe \ Other Western Europe \ EU countries  \ Spain,"This question records each person's country of birth. A different order is used for the tick-box responses for England and Wales, Scotland and Northern Ireland. Where there is no applicable tick-box, the respondent is asked to write-in the present name of their country of birth. The variable is coded using the ONS Geography Classification of Countries (OGCC) (a coding system used in some other ONS outputs).",
F20331,ST0150216,Sex,Female,This variable identifies each person's sex.,
F20337,ST0150222,Age,0 to 15 years old,"This variable records each person's age at their last birthday before Census Day, derived from their date of birth. Dates of birth that imply an age over 110 are treated as invalid and the person's age is imputed.",
F20337,ST0150222,Country of birth,Europe \ Other Western Europe \ EU countries  \ Other EU,"This question records each person's country of birth. A different order is used for the tick-box responses for England and Wales, Scotland and Northern Ireland. Where there is no applicable tick-box, the respondent is asked to write-in the present name of their country of birth. The variable is coded using the ONS Geography Classification of Countries (OGCC) (a coding system used in some other ONS outputs).",
F20337,ST0150222,Sex,Male,This variable identifies each person's sex.,
F20337,ST0150222,Unit,People,The unit is for a particular count (e.g. people or households),
F20338,ST0150223,Unit,People,The unit is for a particular count (e.g. people or households),
F20338,ST0150223,Sex,Male,This variable identifies each person's sex.,
F20338,ST0150223,Country of birth,Europe \ Other Western Europe \ EU countries  \ Other EU,"This question records each person's country of birth. A different order is used for the tick-box responses for England and Wales, Scotland and Northern Ireland. Where there is no applicable tick-box, the respondent is asked to write-in the present name of their country of birth. The variable is coded using the ONS Geography Classification of Countries (OGCC) (a coding system used in some other ONS outputs).",
F20338,ST0150223,Age,16 to 64 years old,"This variable records each person's age at their last birthday before Census Day, derived from their date of birth. Dates of birth that imply an age over 110 are treated as invalid and the person's age is imputed.",
F20339,ST0150224,Country of birth,Europe \ Other Western Europe \ EU countries  \ Other EU,"This question records each person's country of birth. A different order is used for the tick-box responses for England and Wales, Scotland and Northern Ireland. Where there is no applicable tick-box, the respondent is asked to write-in the present name of their country of birth. The variable is coded using the ONS Geography Classification of Countries (OGCC) (a coding system used in some other ONS outputs).",
F20339,ST0150224,Sex,Male,This variable identifies each person's sex.,
F20339,ST0150224,Unit,People,The unit is for a particular count (e.g. people or households),
F20339,ST0150224,Age,65 years old and over,"This variable records each person's age at their last birthday before Census Day, derived from their date of birth. Dates of birth that imply an age over 110 are treated as invalid and the person's age is imputed.",
F20341,ST0150226,Unit,People,The unit is for a particular count (e.g. people or households),
F20341,ST0150226,Country of birth,Europe \ Other Western Europe \ EU countries  \ Other EU,"This question records each person's country of birth. A different order is used for the tick-box responses for England and Wales, Scotland and Northern Ireland. Where there is no applicable tick-box, the respondent is asked to write-in the present name of their country of birth. The variable is coded using the ONS Geography Classification of Countries (OGCC) (a coding system used in some other ONS outputs).",
F20341,ST0150226,Sex,Female,This variable identifies each person's sex.,
F20341,ST0150226,Age,0 to 15 years old,"This variable records each person's age at their last birthday before Census Day, derived from their date of birth. Dates of birth that imply an age over 110 are treated as invalid and the person's age is imputed.",
F20342,ST0150227,Sex,Female,This variable identifies each person's sex.,
F20342,ST0150227,Age,16 to 59 years old,"This variable records each person's age at their last birthday before Census Day, derived from their date of birth. Dates of birth that imply an age over 110 are treated as invalid and the person's age is imputed.",
F20342,ST0150227,Country of birth,Europe \ Other Western Europe \ EU countries  \ Other EU,"This question records each person's country of birth. A different order is used for the tick-box responses for England and Wales, Scotland and Northern Ireland. Where there is no applicable tick-box, the respondent is asked to write-in the present name of their country of birth. The variable is coded using the ONS Geography Classification of Countries (OGCC) (a coding system used in some other ONS outputs).",
F20342,ST0150227,Unit,People,The unit is for a particular count (e.g. people or households),
F20343,ST0150228,Unit,People,The unit is for a particular count (e.g. people or households),
F20343,ST0150228,Age,60 years old and over,"This variable records each person's age at their last birthday before Census Day, derived from their date of birth. Dates of birth that imply an age over 110 are treated as invalid and the person's age is imputed.",
F20343,ST0150228,Country of birth,Europe \ Other Western Europe \ EU countries  \ Other EU,"This question records each person's country of birth. A different order is used for the tick-box responses for England and Wales, Scotland and Northern Ireland. Where there is no applicable tick-box, the respondent is asked to write-in the present name of their country of birth. The variable is coded using the ONS Geography Classification of Countries (OGCC) (a coding system used in some other ONS outputs).",
F20343,ST0150228,Sex,Female,This variable identifies each person's sex.,
F20349,ST0150234,Age,0 to 15 years old,"This variable records each person's age at their last birthday before Census Day, derived from their date of birth. Dates of birth that imply an age over 110 are treated as invalid and the person's age is imputed.",
F20349,ST0150234,Country of birth,Europe \ Other Western Europe \ Non EU countries in Western Europe,"This question records each person's country of birth. A different order is used for the tick-box responses for England and Wales, Scotland and Northern Ireland. Where there is no applicable tick-box, the respondent is asked to write-in the present name of their country of birth. The variable is coded using the ONS Geography Classification of Countries (OGCC) (a coding system used in some other ONS outputs).",
F20349,ST0150234,Sex,Male,This variable identifies each person's sex.,
F20349,ST0150234,Unit,People,The unit is for a particular count (e.g. people or households),
F20350,ST0150235,Unit,People,The unit is for a particular count (e.g. people or households),
F20350,ST0150235,Sex,Male,This variable identifies each person's sex.,
F20350,ST0150235,Country of birth,Europe \ Other Western Europe \ Non EU countries in Western Europe,"This question records each person's country of birth. A different order is used for the tick-box responses for England and Wales, Scotland and Northern Ireland. Where there is no applicable tick-box, the respondent is asked to write-in the present name of their country of birth. The variable is coded using the ONS Geography Classification of Countries (OGCC) (a coding system used in some other ONS outputs).",
F20350,ST0150235,Age,16 to 64 years old,"This variable records each person's age at their last birthday before Census Day, derived from their date of birth. Dates of birth that imply an age over 110 are treated as invalid and the person's age is imputed.",
F20351,ST0150236,Country of birth,Europe \ Other Western Europe \ Non EU countries in Western Europe,"This question records each person's country of birth. A different order is used for the tick-box responses for England and Wales, Scotland and Northern Ireland. Where there is no applicable tick-box, the respondent is asked to write-in the present name of their country of birth. The variable is coded using the ONS Geography Classification of Countries (OGCC) (a coding system used in some other ONS outputs).",
F20351,ST0150236,Sex,Male,This variable identifies each person's sex.,
F20351,ST0150236,Unit,People,The unit is for a particular count (e.g. people or households),
F20351,ST0150236,Age,65 years old and over,"This variable records each person's age at their last birthday before Census Day, derived from their date of birth. Dates of birth that imply an age over 110 are treated as invalid and the person's age is imputed.",
F20353,ST0150238,Unit,People,The unit is for a particular count (e.g. people or households),
F20353,ST0150238,Country of birth,Europe \ Other Western Europe \ Non EU countries in Western Europe,"This question records each person's country of birth. A different order is used for the tick-box responses for England and Wales, Scotland and Northern Ireland. Where there is no applicable tick-box, the respondent is asked to write-in the present name of their country of birth. The variable is coded using the ONS Geography Classification of Countries (OGCC) (a coding system used in some other ONS outputs).",
F20353,ST0150238,Sex,Female,This variable identifies each person's sex.,
F20353,ST0150238,Age,0 to 15 years old,"This variable records each person's age at their last birthday before Census Day, derived from their date of birth. Dates of birth that imply an age over 110 are treated as invalid and the person's age is imputed.",
F20354,ST0150239,Sex,Female,This variable identifies each person's sex.,
F20354,ST0150239,Age,16 to 59 years old,"This variable records each person's age at their last birthday before Census Day, derived from their date of birth. Dates of birth that imply an age over 110 are treated as invalid and the person's age is imputed.",
F20354,ST0150239,Country of birth,Europe \ Other Western Europe \ Non EU countries in Western Europe,"This question records each person's country of birth. A different order is used for the tick-box responses for England and Wales, Scotland and Northern Ireland. Where there is no applicable tick-box, the respondent is asked to write-in the present name of their country of birth. The variable is coded using the ONS Geography Classification of Countries (OGCC) (a coding system used in some other ONS outputs).",
F20354,ST0150239,Unit,People,The unit is for a particular count (e.g. people or households),
F20355,ST0150240,Unit,People,The unit is for a particular count (e.g. people or households),
F20355,ST0150240,Age,60 years old and over,"This variable records each person's age at their last birthday before Census Day, derived from their date of birth. Dates of birth that imply an age over 110 are treated as invalid and the person's age is imputed.",
F20355,ST0150240,Country of birth,Europe \ Other Western Europe \ Non EU countries in Western Europe,"This question records each person's country of birth. A different order is used for the tick-box responses for England and Wales, Scotland and Northern Ireland. Where there is no applicable tick-box, the respondent is asked to write-in the present name of their country of birth. The variable is coded using the ONS Geography Classification of Countries (OGCC) (a coding system used in some other ONS outputs).",
F20355,ST0150240,Sex,Female,This variable identifies each person's sex.,
F20361,ST0150246,Age,0 to 15 years old,"This variable records each person's age at their last birthday before Census Day, derived from their date of birth. Dates of birth that imply an age over 110 are treated as invalid and the person's age is imputed.",
F20361,ST0150246,Sex,Male,This variable identifies each person's sex.,
F20361,ST0150246,Country of birth,Europe \ Eastern Europe,"This question records each person's country of birth. A different order is used for the tick-box responses for England and Wales, Scotland and Northern Ireland. Where there is no applicable tick-box, the respondent is asked to write-in the present name of their country of birth. The variable is coded using the ONS Geography Classification of Countries (OGCC) (a coding system used in some other ONS outputs).",
F20361,ST0150246,Unit,People,The unit is for a particular count (e.g. people or households),
F20362,ST0150247,Unit,People,The unit is for a particular count (e.g. people or households),
F20362,ST0150247,Country of birth,Europe \ Eastern Europe,"This question records each person's country of birth. A different order is used for the tick-box responses for England and Wales, Scotland and Northern Ireland. Where there is no applicable tick-box, the respondent is asked to write-in the present name of their country of birth. The variable is coded using the ONS Geography Classification of Countries (OGCC) (a coding system used in some other ONS outputs).",
F20362,ST0150247,Sex,Male,This variable identifies each person's sex.,
F20362,ST0150247,Age,16 to 64 years old,"This variable records each person's age at their last birthday before Census Day, derived from their date of birth. Dates of birth that imply an age over 110 are treated as invalid and the person's age is imputed.",
F20363,ST0150248,Sex,Male,This variable identifies each person's sex.,
F20363,ST0150248,Country of birth,Europe \ Eastern Europe,"This question records each person's country of birth. A different order is used for the tick-box responses for England and Wales, Scotland and Northern Ireland. Where there is no applicable tick-box, the respondent is asked to write-in the present name of their country of birth. The variable is coded using the ONS Geography Classification of Countries (OGCC) (a coding system used in some other ONS outputs).",
F20363,ST0150248,Unit,People,The unit is for a particular count (e.g. people or households),
F20363,ST0150248,Age,65 years old and over,"This variable records each person's age at their last birthday before Census Day, derived from their date of birth. Dates of birth that imply an age over 110 are treated as invalid and the person's age is imputed.",
F20365,ST0150250,Unit,People,The unit is for a particular count (e.g. people or households),
F20365,ST0150250,Country of birth,Europe \ Eastern Europe,"This question records each person's country of birth. A different order is used for the tick-box responses for England and Wales, Scotland and Northern Ireland. Where there is no applicable tick-box, the respondent is asked to write-in the present name of their country of birth. The variable is coded using the ONS Geography Classification of Countries (OGCC) (a coding system used in some other ONS outputs).",
F20365,ST0150250,Sex,Female,This variable identifies each person's sex.,
F20365,ST0150250,Age,0 to 15 years old,"This variable records each person's age at their last birthday before Census Day, derived from their date of birth. Dates of birth that imply an age over 110 are treated as invalid and the person's age is imputed.",
F20366,ST0150251,Sex,Female,This variable identifies each person's sex.,
F20366,ST0150251,Age,16 to 59 years old,"This variable records each person's age at their last birthday before Census Day, derived from their date of birth. Dates of birth that imply an age over 110 are treated as invalid and the person's age is imputed.",
F20366,ST0150251,Country of birth,Europe \ Eastern Europe,"This question records each person's country of birth. A different order is used for the tick-box responses for England and Wales, Scotland and Northern Ireland. Where there is no applicable tick-box, the respondent is asked to write-in the present name of their country of birth. The variable is coded using the ONS Geography Classification of Countries (OGCC) (a coding system used in some other ONS outputs).",
F20366,ST0150251,Unit,People,The unit is for a particular count (e.g. people or households),
F20367,ST0150252,Unit,People,The unit is for a particular count (e.g. people or households),
F20367,ST0150252,Age,60 years old and over,"This variable records each person's age at their last birthday before Census Day, derived from their date of birth. Dates of birth that imply an age over 110 are treated as invalid and the person's age is imputed.",
F20367,ST0150252,Country of birth,Europe \ Eastern Europe,"This question records each person's country of birth. A different order is used for the tick-box responses for England and Wales, Scotland and Northern Ireland. Where there is no applicable tick-box, the respondent is asked to write-in the present name of their country of birth. The variable is coded using the ONS Geography Classification of Countries (OGCC) (a coding system used in some other ONS outputs).",
F20367,ST0150252,Sex,Female,This variable identifies each person's sex.,
F20397,ST0150282,Age,0 to 15 years old,"This variable records each person's age at their last birthday before Census Day, derived from their date of birth. Dates of birth that imply an age over 110 are treated as invalid and the person's age is imputed.",
F20397,ST0150282,Sex,Male,This variable identifies each person's sex.,
F20397,ST0150282,Country of birth,Africa,"This question records each person's country of birth. A different order is used for the tick-box responses for England and Wales, Scotland and Northern Ireland. Where there is no applicable tick-box, the respondent is asked to write-in the present name of their country of birth. The variable is coded using the ONS Geography Classification of Countries (OGCC) (a coding system used in some other ONS outputs).",
F20397,ST0150282,Unit,People,The unit is for a particular count (e.g. people or households),
F20398,ST0150283,Unit,People,The unit is for a particular count (e.g. people or households),
F20398,ST0150283,Country of birth,Africa,"This question records each person's country of birth. A different order is used for the tick-box responses for England and Wales, Scotland and Northern Ireland. Where there is no applicable tick-box, the respondent is asked to write-in the present name of their country of birth. The variable is coded using the ONS Geography Classification of Countries (OGCC) (a coding system used in some other ONS outputs).",
F20398,ST0150283,Sex,Male,This variable identifies each person's sex.,
F20398,ST0150283,Age,16 to 64 years old,"This variable records each person's age at their last birthday before Census Day, derived from their date of birth. Dates of birth that imply an age over 110 are treated as invalid and the person's age is imputed.",
F20399,ST0150284,Sex,Male,This variable identifies each person's sex.,
F20399,ST0150284,Country of birth,Africa,"This question records each person's country of birth. A different order is used for the tick-box responses for England and Wales, Scotland and Northern Ireland. Where there is no applicable tick-box, the respondent is asked to write-in the present name of their country of birth. The variable is coded using the ONS Geography Classification of Countries (OGCC) (a coding system used in some other ONS outputs).",
F20399,ST0150284,Unit,People,The unit is for a particular count (e.g. people or households),
F20399,ST0150284,Age,65 years old and over,"This variable records each person's age at their last birthday before Census Day, derived from their date of birth. Dates of birth that imply an age over 110 are treated as invalid and the person's age is imputed.",
F20401,ST0150286,Unit,People,The unit is for a particular count (e.g. people or households),
F20401,ST0150286,Country of birth,Africa,"This question records each person's country of birth. A different order is used for the tick-box responses for England and Wales, Scotland and Northern Ireland. Where there is no applicable tick-box, the respondent is asked to write-in the present name of their country of birth. The variable is coded using the ONS Geography Classification of Countries (OGCC) (a coding system used in some other ONS outputs).",
F20401,ST0150286,Sex,Female,This variable identifies each person's sex.,
F20401,ST0150286,Age,0 to 15 years old,"This variable records each person's age at their last birthday before Census Day, derived from their date of birth. Dates of birth that imply an age over 110 are treated as invalid and the person's age is imputed.",
F20402,ST0150287,Sex,Female,This variable identifies each person's sex.,
F20402,ST0150287,Age,16 to 59 years old,"This variable records each person's age at their last birthday before Census Day, derived from their date of birth. Dates of birth that imply an age over 110 are treated as invalid and the person's age is imputed.",
F20402,ST0150287,Country of birth,Africa,"This question records each person's country of birth. A different order is used for the tick-box responses for England and Wales, Scotland and Northern Ireland. Where there is no applicable tick-box, the respondent is asked to write-in the present name of their country of birth. The variable is coded using the ONS Geography Classification of Countries (OGCC) (a coding system used in some other ONS outputs).",
F20402,ST0150287,Unit,People,The unit is for a particular count (e.g. people or households),
F20403,ST0150288,Unit,People,The unit is for a particular count (e.g. people or households),
F20403,ST0150288,Age,60 years old and over,"This variable records each person's age at their last birthday before Census Day, derived from their date of birth. Dates of birth that imply an age over 110 are treated as invalid and the person's age is imputed.",
F20403,ST0150288,Country of birth,Africa,"This question records each person's country of birth. A different order is used for the tick-box responses for England and Wales, Scotland and Northern Ireland. Where there is no applicable tick-box, the respondent is asked to write-in the present name of their country of birth. The variable is coded using the ONS Geography Classification of Countries (OGCC) (a coding system used in some other ONS outputs).",
F20403,ST0150288,Sex,Female,This variable identifies each person's sex.,
F20517,ST0150402,Sex,Male,This variable identifies each person's sex.,
F20517,ST0150402,Age,0 to 15 years old,"This variable records each person's age at their last birthday before Census Day, derived from their date of birth. Dates of birth that imply an age over 110 are treated as invalid and the person's age is imputed.",
F20517,ST0150402,Country of birth,Asia,"This question records each person's country of birth. A different order is used for the tick-box responses for England and Wales, Scotland and Northern Ireland. Where there is no applicable tick-box, the respondent is asked to write-in the present name of their country of birth. The variable is coded using the ONS Geography Classification of Countries (OGCC) (a coding system used in some other ONS outputs).",
F20517,ST0150402,Unit,People,The unit is for a particular count (e.g. people or households),
F20518,ST0150403,Unit,People,The unit is for a particular count (e.g. people or households),
F20518,ST0150403,Country of birth,Asia,"This question records each person's country of birth. A different order is used for the tick-box responses for England and Wales, Scotland and Northern Ireland. Where there is no applicable tick-box, the respondent is asked to write-in the present name of their country of birth. The variable is coded using the ONS Geography Classification of Countries (OGCC) (a coding system used in some other ONS outputs).",
F20518,ST0150403,Sex,Male,This variable identifies each person's sex.,
F20518,ST0150403,Age,16 to 64 years old,"This variable records each person's age at their last birthday before Census Day, derived from their date of birth. Dates of birth that imply an age over 110 are treated as invalid and the person's age is imputed.",
F20519,ST0150404,Sex,Male,This variable identifies each person's sex.,
F20519,ST0150404,Country of birth,Asia,"This question records each person's country of birth. A different order is used for the tick-box responses for England and Wales, Scotland and Northern Ireland. Where there is no applicable tick-box, the respondent is asked to write-in the present name of their country of birth. The variable is coded using the ONS Geography Classification of Countries (OGCC) (a coding system used in some other ONS outputs).",
F20519,ST0150404,Unit,People,The unit is for a particular count (e.g. people or households),
F20519,ST0150404,Age,65 years old and over,"This variable records each person's age at their last birthday before Census Day, derived from their date of birth. Dates of birth that imply an age over 110 are treated as invalid and the person's age is imputed.",
F20521,ST0150406,Unit,People,The unit is for a particular count (e.g. people or households),
F20521,ST0150406,Country of birth,Asia,"This question records each person's country of birth. A different order is used for the tick-box responses for England and Wales, Scotland and Northern Ireland. Where there is no applicable tick-box, the respondent is asked to write-in the present name of their country of birth. The variable is coded using the ONS Geography Classification of Countries (OGCC) (a coding system used in some other ONS outputs).",
F20521,ST0150406,Age,0 to 15 years old,"This variable records each person's age at their last birthday before Census Day, derived from their date of birth. Dates of birth that imply an age over 110 are treated as invalid and the person's age is imputed.",
F20521,ST0150406,Sex,Female,This variable identifies each person's sex.,
F20522,ST0150407,Sex,Female,This variable identifies each person's sex.,
F20522,ST0150407,Age,16 to 59 years old,"This variable records each person's age at their last birthday before Census Day, derived from their date of birth. Dates of birth that imply an age over 110 are treated as invalid and the person's age is imputed.",
F20522,ST0150407,Country of birth,Asia,"This question records each person's country of birth. A different order is used for the tick-box responses for England and Wales, Scotland and Northern Ireland. Where there is no applicable tick-box, the respondent is asked to write-in the present name of their country of birth. The variable is coded using the ONS Geography Classification of Countries (OGCC) (a coding system used in some other ONS outputs).",
F20522,ST0150407,Unit,People,The unit is for a particular count (e.g. people or households),
F20523,ST0150408,Unit,People,The unit is for a particular count (e.g. people or households),
F20523,ST0150408,Country of birth,Asia,"This question records each person's country of birth. A different order is used for the tick-box responses for England and Wales, Scotland and Northern Ireland. Where there is no applicable tick-box, the respondent is asked to write-in the present name of their country of birth. The variable is coded using the ONS Geography Classification of Countries (OGCC) (a coding system used in some other ONS outputs).",
F20523,ST0150408,Sex,Female,This variable identifies each person's sex.,
F20523,ST0150408,Age,60 years old and over,"This variable records each person's age at their last birthday before Census Day, derived from their date of birth. Dates of birth that imply an age over 110 are treated as invalid and the person's age is imputed.",
F20721,ST0150606,Age,0 to 15 years old,"This variable records each person's age at their last birthday before Census Day, derived from their date of birth. Dates of birth that imply an age over 110 are treated as invalid and the person's age is imputed.",
F20721,ST0150606,Sex,Male,This variable identifies each person's sex.,
F20721,ST0150606,Country of birth,North America,"This question records each person's country of birth. A different order is used for the tick-box responses for England and Wales, Scotland and Northern Ireland. Where there is no applicable tick-box, the respondent is asked to write-in the present name of their country of birth. The variable is coded using the ONS Geography Classification of Countries (OGCC) (a coding system used in some other ONS outputs).",
F20721,ST0150606,Unit,People,The unit is for a particular count (e.g. people or households),
F20722,ST0150607,Unit,People,The unit is for a particular count (e.g. people or households),
F20722,ST0150607,Country of birth,North America,"This question records each person's country of birth. A different order is used for the tick-box responses for England and Wales, Scotland and Northern Ireland. Where there is no applicable tick-box, the respondent is asked to write-in the present name of their country of birth. The variable is coded using the ONS Geography Classification of Countries (OGCC) (a coding system used in some other ONS outputs).",
F20722,ST0150607,Sex,Male,This variable identifies each person's sex.,
F20722,ST0150607,Age,16 to 64 years old,"This variable records each person's age at their last birthday before Census Day, derived from their date of birth. Dates of birth that imply an age over 110 are treated as invalid and the person's age is imputed.",
F20723,ST0150608,Sex,Male,This variable identifies each person's sex.,
F20723,ST0150608,Country of birth,North America,"This question records each person's country of birth. A different order is used for the tick-box responses for England and Wales, Scotland and Northern Ireland. Where there is no applicable tick-box, the respondent is asked to write-in the present name of their country of birth. The variable is coded using the ONS Geography Classification of Countries (OGCC) (a coding system used in some other ONS outputs).",
F20723,ST0150608,Unit,People,The unit is for a particular count (e.g. people or households),
F20723,ST0150608,Age,65 years old and over,"This variable records each person's age at their last birthday before Census Day, derived from their date of birth. Dates of birth that imply an age over 110 are treated as invalid and the person's age is imputed.",
F20725,ST0150610,Unit,People,The unit is for a particular count (e.g. people or households),
F20725,ST0150610,Country of birth,North America,"This question records each person's country of birth. A different order is used for the tick-box responses for England and Wales, Scotland and Northern Ireland. Where there is no applicable tick-box, the respondent is asked to write-in the present name of their country of birth. The variable is coded using the ONS Geography Classification of Countries (OGCC) (a coding system used in some other ONS outputs).",
F20725,ST0150610,Sex,Female,This variable identifies each person's sex.,
F20725,ST0150610,Age,0 to 15 years old,"This variable records each person's age at their last birthday before Census Day, derived from their date of birth. Dates of birth that imply an age over 110 are treated as invalid and the person's age is imputed.",
F20726,ST0150611,Sex,Female,This variable identifies each person's sex.,
F20726,ST0150611,Age,16 to 59 years old,"This variable records each person's age at their last birthday before Census Day, derived from their date of birth. Dates of birth that imply an age over 110 are treated as invalid and the person's age is imputed.",
F20726,ST0150611,Country of birth,North America,"This question records each person's country of birth. A different order is used for the tick-box responses for England and Wales, Scotland and Northern Ireland. Where there is no applicable tick-box, the respondent is asked to write-in the present name of their country of birth. The variable is coded using the ONS Geography Classification of Countries (OGCC) (a coding system used in some other ONS outputs).",
F20726,ST0150611,Unit,People,The unit is for a particular count (e.g. people or households),
F20727,ST0150612,Unit,People,The unit is for a particular count (e.g. people or households),
F20727,ST0150612,Country of birth,North America,"This question records each person's country of birth. A different order is used for the tick-box responses for England and Wales, Scotland and Northern Ireland. Where there is no applicable tick-box, the respondent is asked to write-in the present name of their country of birth. The variable is coded using the ONS Geography Classification of Countries (OGCC) (a coding system used in some other ONS outputs).",
F20727,ST0150612,Age,60 years old and over,"This variable records each person's age at their last birthday before Census Day, derived from their date of birth. Dates of birth that imply an age over 110 are treated as invalid and the person's age is imputed.",
F20727,ST0150612,Sex,Female,This variable identifies each person's sex.,
F20805,ST0150690,Sex,Male,This variable identifies each person's sex.,
F20805,ST0150690,Age,0 to 15 years old,"This variable records each person's age at their last birthday before Census Day, derived from their date of birth. Dates of birth that imply an age over 110 are treated as invalid and the person's age is imputed.",
F20805,ST0150690,Country of birth,South America,"This question records each person's country of birth. A different order is used for the tick-box responses for England and Wales, Scotland and Northern Ireland. Where there is no applicable tick-box, the respondent is asked to write-in the present name of their country of birth. The variable is coded using the ONS Geography Classification of Countries (OGCC) (a coding system used in some other ONS outputs).",
F20805,ST0150690,Unit,People,The unit is for a particular count (e.g. people or households),
F20806,ST0150691,Unit,People,The unit is for a particular count (e.g. people or households),
F20806,ST0150691,Country of birth,South America,"This question records each person's country of birth. A different order is used for the tick-box responses for England and Wales, Scotland and Northern Ireland. Where there is no applicable tick-box, the respondent is asked to write-in the present name of their country of birth. The variable is coded using the ONS Geography Classification of Countries (OGCC) (a coding system used in some other ONS outputs).",
F20806,ST0150691,Age,16 to 64 years old,"This variable records each person's age at their last birthday before Census Day, derived from their date of birth. Dates of birth that imply an age over 110 are treated as invalid and the person's age is imputed.",
F20806,ST0150691,Sex,Male,This variable identifies each person's sex.,
F20807,ST0150692,Sex,Male,This variable identifies each person's sex.,
F20807,ST0150692,Country of birth,South America,"This question records each person's country of birth. A different order is used for the tick-box responses for England and Wales, Scotland and Northern Ireland. Where there is no applicable tick-box, the respondent is asked to write-in the present name of their country of birth. The variable is coded using the ONS Geography Classification of Countries (OGCC) (a coding system used in some other ONS outputs).",
F20807,ST0150692,Unit,People,The unit is for a particular count (e.g. people or households),
F20807,ST0150692,Age,65 years old and over,"This variable records each person's age at their last birthday before Census Day, derived from their date of birth. Dates of birth that imply an age over 110 are treated as invalid and the person's age is imputed.",
F20809,ST0150694,Unit,People,The unit is for a particular count (e.g. people or households),
F20809,ST0150694,Country of birth,South America,"This question records each person's country of birth. A different order is used for the tick-box responses for England and Wales, Scotland and Northern Ireland. Where there is no applicable tick-box, the respondent is asked to write-in the present name of their country of birth. The variable is coded using the ONS Geography Classification of Countries (OGCC) (a coding system used in some other ONS outputs).",
F20809,ST0150694,Sex,Female,This variable identifies each person's sex.,
F20809,ST0150694,Age,0 to 15 years old,"This variable records each person's age at their last birthday before Census Day, derived from their date of birth. Dates of birth that imply an age over 110 are treated as invalid and the person's age is imputed.",
F20810,ST0150695,Sex,Female,This variable identifies each person's sex.,
F20810,ST0150695,Age,16 to 59 years old,"This variable records each person's age at their last birthday before Census Day, derived from their date of birth. Dates of birth that imply an age over 110 are treated as invalid and the person's age is imputed.",
F20810,ST0150695,Country of birth,South America,"This question records each person's country of birth. A different order is used for the tick-box responses for England and Wales, Scotland and Northern Ireland. Where there is no applicable tick-box, the respondent is asked to write-in the present name of their country of birth. The variable is coded using the ONS Geography Classification of Countries (OGCC) (a coding system used in some other ONS outputs).",
F20810,ST0150695,Unit,People,The unit is for a particular count (e.g. people or households),
F20811,ST0150696,Unit,People,The unit is for a particular count (e.g. people or households),
F20811,ST0150696,Country of birth,South America,"This question records each person's country of birth. A different order is used for the tick-box responses for England and Wales, Scotland and Northern Ireland. Where there is no applicable tick-box, the respondent is asked to write-in the present name of their country of birth. The variable is coded using the ONS Geography Classification of Countries (OGCC) (a coding system used in some other ONS outputs).",
F20811,ST0150696,Age,60 years old and over,"This variable records each person's age at their last birthday before Census Day, derived from their date of birth. Dates of birth that imply an age over 110 are treated as invalid and the person's age is imputed.",
F20811,ST0150696,Sex,Female,This variable identifies each person's sex.,
F20817,ST0150702,Sex,Male,This variable identifies each person's sex.,
F20817,ST0150702,Age,0 to 15 years old,"This variable records each person's age at their last birthday before Census Day, derived from their date of birth. Dates of birth that imply an age over 110 are treated as invalid and the person's age is imputed.",
F20817,ST0150702,Country of birth,Oceania,"This question records each person's country of birth. A different order is used for the tick-box responses for England and Wales, Scotland and Northern Ireland. Where there is no applicable tick-box, the respondent is asked to write-in the present name of their country of birth. The variable is coded using the ONS Geography Classification of Countries (OGCC) (a coding system used in some other ONS outputs).",
F20817,ST0150702,Unit,People,The unit is for a particular count (e.g. people or households),
F20818,ST0150703,Unit,People,The unit is for a particular count (e.g. people or households),
F20818,ST0150703,Age,16 to 64 years old,"This variable records each person's age at their last birthday before Census Day, derived from their date of birth. Dates of birth that imply an age over 110 are treated as invalid and the person's age is imputed.",
F20818,ST0150703,Sex,Male,This variable identifies each person's sex.,
F20818,ST0150703,Country of birth,Oceania,"This question records each person's country of birth. A different order is used for the tick-box responses for England and Wales, Scotland and Northern Ireland. Where there is no applicable tick-box, the respondent is asked to write-in the present name of their country of birth. The variable is coded using the ONS Geography Classification of Countries (OGCC) (a coding system used in some other ONS outputs).",
F20819,ST0150704,Sex,Male,This variable identifies each person's sex.,
F20819,ST0150704,Country of birth,Oceania,"This question records each person's country of birth. A different order is used for the tick-box responses for England and Wales, Scotland and Northern Ireland. Where there is no applicable tick-box, the respondent is asked to write-in the present name of their country of birth. The variable is coded using the ONS Geography Classification of Countries (OGCC) (a coding system used in some other ONS outputs).",
F20819,ST0150704,Unit,People,The unit is for a particular count (e.g. people or households),
F20819,ST0150704,Age,65 years old and over,"This variable records each person's age at their last birthday before Census Day, derived from their date of birth. Dates of birth that imply an age over 110 are treated as invalid and the person's age is imputed.",
F20821,ST0150706,Unit,People,The unit is for a particular count (e.g. people or households),
F20821,ST0150706,Country of birth,Oceania,"This question records each person's country of birth. A different order is used for the tick-box responses for England and Wales, Scotland and Northern Ireland. Where there is no applicable tick-box, the respondent is asked to write-in the present name of their country of birth. The variable is coded using the ONS Geography Classification of Countries (OGCC) (a coding system used in some other ONS outputs).",
F20821,ST0150706,Sex,Female,This variable identifies each person's sex.,
F20821,ST0150706,Age,0 to 15 years old,"This variable records each person's age at their last birthday before Census Day, derived from their date of birth. Dates of birth that imply an age over 110 are treated as invalid and the person's age is imputed.",
F20822,ST0150707,Age,16 to 59 years old,"This variable records each person's age at their last birthday before Census Day, derived from their date of birth. Dates of birth that imply an age over 110 are treated as invalid and the person's age is imputed.",
F20822,ST0150707,Sex,Female,This variable identifies each person's sex.,
F20822,ST0150707,Country of birth,Oceania,"This question records each person's country of birth. A different order is used for the tick-box responses for England and Wales, Scotland and Northern Ireland. Where there is no applicable tick-box, the respondent is asked to write-in the present name of their country of birth. The variable is coded using the ONS Geography Classification of Countries (OGCC) (a coding system used in some other ONS outputs).",
F20822,ST0150707,Unit,People,The unit is for a particular count (e.g. people or households),
F20823,ST0150708,Unit,People,The unit is for a particular count (e.g. people or households),
F20823,ST0150708,Age,60 years old and over,"This variable records each person's age at their last birthday before Census Day, derived from their date of birth. Dates of birth that imply an age over 110 are treated as invalid and the person's age is imputed.",
F20823,ST0150708,Country of birth,Oceania,"This question records each person's country of birth. A different order is used for the tick-box responses for England and Wales, Scotland and Northern Ireland. Where there is no applicable tick-box, the respondent is asked to write-in the present name of their country of birth. The variable is coded using the ONS Geography Classification of Countries (OGCC) (a coding system used in some other ONS outputs).",
F20823,ST0150708,Sex,Female,This variable identifies each person's sex.,
F20865,ST0150750,Country of birth,Other,"This question records each person's country of birth. A different order is used for the tick-box responses for England and Wales, Scotland and Northern Ireland. Where there is no applicable tick-box, the respondent is asked to write-in the present name of their country of birth. The variable is coded using the ONS Geography Classification of Countries (OGCC) (a coding system used in some other ONS outputs).",
F20865,ST0150750,Age,0 to 15 years old,"This variable records each person's age at their last birthday before Census Day, derived from their date of birth. Dates of birth that imply an age over 110 are treated as invalid and the person's age is imputed.",
F20865,ST0150750,Sex,Male,This variable identifies each person's sex.,
F20865,ST0150750,Unit,People,The unit is for a particular count (e.g. people or households),
F20866,ST0150751,Unit,People,The unit is for a particular count (e.g. people or households),
F20866,ST0150751,Sex,Male,This variable identifies each person's sex.,
F20866,ST0150751,Age,16 to 64 years old,"This variable records each person's age at their last birthday before Census Day, derived from their date of birth. Dates of birth that imply an age over 110 are treated as invalid and the person's age is imputed.",
F20866,ST0150751,Country of birth,Other,"This question records each person's country of birth. A different order is used for the tick-box responses for England and Wales, Scotland and Northern Ireland. Where there is no applicable tick-box, the respondent is asked to write-in the present name of their country of birth. The variable is coded using the ONS Geography Classification of Countries (OGCC) (a coding system used in some other ONS outputs).",
F20867,ST0150752,Country of birth,Other,"This question records each person's country of birth. A different order is used for the tick-box responses for England and Wales, Scotland and Northern Ireland. Where there is no applicable tick-box, the respondent is asked to write-in the present name of their country of birth. The variable is coded using the ONS Geography Classification of Countries (OGCC) (a coding system used in some other ONS outputs).",
F20867,ST0150752,Sex,Male,This variable identifies each person's sex.,
F20867,ST0150752,Unit,People,The unit is for a particular count (e.g. people or households),
F20867,ST0150752,Age,65 years old and over,"This variable records each person's age at their last birthday before Census Day, derived from their date of birth. Dates of birth that imply an age over 110 are treated as invalid and the person's age is imputed.",
F20869,ST0150754,Unit,People,The unit is for a particular count (e.g. people or households),
F20869,ST0150754,Country of birth,Other,"This question records each person's country of birth. A different order is used for the tick-box responses for England and Wales, Scotland and Northern Ireland. Where there is no applicable tick-box, the respondent is asked to write-in the present name of their country of birth. The variable is coded using the ONS Geography Classification of Countries (OGCC) (a coding system used in some other ONS outputs).",
F20869,ST0150754,Sex,Female,This variable identifies each person's sex.,
F20869,ST0150754,Age,0 to 15 years old,"This variable records each person's age at their last birthday before Census Day, derived from their date of birth. Dates of birth that imply an age over 110 are treated as invalid and the person's age is imputed.",
F20870,ST0150755,Age,16 to 59 years old,"This variable records each person's age at their last birthday before Census Day, derived from their date of birth. Dates of birth that imply an age over 110 are treated as invalid and the person's age is imputed.",
F20870,ST0150755,Sex,Female,This variable identifies each person's sex.,
F20870,ST0150755,Country of birth,Other,"This question records each person's country of birth. A different order is used for the tick-box responses for England and Wales, Scotland and Northern Ireland. Where there is no applicable tick-box, the respondent is asked to write-in the present name of their country of birth. The variable is coded using the ONS Geography Classification of Countries (OGCC) (a coding system used in some other ONS outputs).",
F20870,ST0150755,Unit,People,The unit is for a particular count (e.g. people or households),
F20871,ST0150756,Unit,People,The unit is for a particular count (e.g. people or households),
F20871,ST0150756,Sex,Female,This variable identifies each person's sex.,
F20871,ST0150756,Age,60 years old and over,"This variable records each person's age at their last birthday before Census Day, derived from their date of birth. Dates of birth that imply an age over 110 are treated as invalid and the person's age is imputed.",
F20871,ST0150756,Country of birth,Other,"This question records each person's country of birth. A different order is used for the tick-box responses for England and Wales, Scotland and Northern Ireland. Where there is no applicable tick-box, the respondent is asked to write-in the present name of their country of birth. The variable is coded using the ONS Geography Classification of Countries (OGCC) (a coding system used in some other ONS outputs).",
